{
    "homography_matrix": [
        [
            0.8054328707730924,
            -0.027031078474599367,
            23.077085653325362
        ],
        [
            -0.06120811877979571,
            0.8342704427471132,
            23.039963020283935
        ],
        [
            -0.00036738318323006116,
            -0.00016660290609557885,
            1.0
        ]
    ],
    "manual_points": [
        [
            196,
            168
        ],
        [
            256,
            170
        ],
        [
            198,
            322
        ],
        [
            261,
            318
        ]
    ],
    "corrected_points": [
        [
            196,
            168
        ],
        [
            256,
            170
        ],
        [
            199,
            320
        ],
        [
            264,
            320
        ]
    ]
}